item_id,title,genre
0,The Whispering Anthem (Sci-Fi),Sci-Fi
1,The Crimson Cipher (Comedy),Comedy
2,The Electric Anthem (Documentary),Documentary
3,The Frozen Garden (Romance),Romance
4,The Crimson Empire (Drama),Drama
5,The Burning Signal (Horror),Horror
6,The Silent Anthem (Horror),Horror
7,The Hollow Harbor (Sci-Fi),Sci-Fi
8,The Electric Anthem (Sci-Fi),Sci-Fi
9,The Neon Voyage (Action),Action
10,The Crimson Harbor (Sci-Fi),Sci-Fi
11,The Silent Mirage (Drama),Drama
12,The Frozen Kingdom (Thriller),Thriller
13,The Silent Anthem (Thriller),Thriller
14,The Velvet Harbor (Thriller),Thriller
15,The Velvet Cipher (Action),Action
16,The Electric Empire (Thriller),Thriller
17,The Whispering Voyage (Sci-Fi),Sci-Fi
18,The Frozen Signal (Sci-Fi),Sci-Fi
19,The Electric Mirage (Documentary),Documentary
20,The Electric Voyage (Thriller),Thriller
21,The Frozen Echo (Action),Action
22,The Midnight Horizon (Drama),Drama
23,The Whispering Mirage (Romance),Romance
24,The Midnight Mirage (Horror),Horror
25,The Golden Signal (Drama),Drama
26,The Golden Anthem (Horror),Horror
27,The Frozen Empire (Thriller),Thriller
28,The Silent Empire (Comedy),Comedy
29,The Silent Frontier (Romance),Romance
30,The Neon Empire (Romance),Romance
31,The Burning Frontier (Documentary),Documentary
32,The Rising Echo (Drama),Drama
33,The Frozen Harbor (Comedy),Comedy
34,The Golden Anthem (Horror),Horror
35,The Golden Echo (Horror),Horror
36,The Electric Anthem (Sci-Fi),Sci-Fi
37,The Rising Garden (Thriller),Thriller
38,The Silent Kingdom (Thriller),Thriller
39,The Silent Signal (Comedy),Comedy
40,The Whispering Anthem (Thriller),Thriller
41,The Burning Garden (Comedy),Comedy
42,The Neon Garden (Sci-Fi),Sci-Fi
43,The Midnight Frontier (Action),Action
44,The Whispering Echo (Drama),Drama
45,The Velvet Signal (Documentary),Documentary
46,The Electric Cipher (Sci-Fi),Sci-Fi
47,The Midnight Garden (Romance),Romance
48,The Neon Cipher (Action),Action
49,The Velvet Mirage (Romance),Romance
50,The Rising Echo (Drama),Drama
51,The Whispering Horizon (Romance),Romance
52,The Neon Anthem (Documentary),Documentary
53,The Golden Mirage (Horror),Horror
54,The Electric Empire (Action),Action
55,The Velvet Horizon (Sci-Fi),Sci-Fi
56,The Frozen Voyage (Action),Action
57,The Midnight Signal (Sci-Fi),Sci-Fi
58,The Midnight Mirage (Action),Action
59,The Velvet Signal (Romance),Romance
60,The Hollow Echo (Drama),Drama
61,The Midnight Horizon (Comedy),Comedy
62,The Midnight Mirage (Action),Action
63,The Crimson Anthem (Documentary),Documentary
64,The Rising Horizon (Thriller),Thriller
65,The Burning Frontier (Thriller),Thriller
66,The Velvet Harbor (Action),Action
67,The Silent Empire (Drama),Drama
68,The Whispering Kingdom (Documentary),Documentary
69,The Electric Harbor (Horror),Horror
70,The Crimson Garden (Comedy),Comedy
71,The Neon Horizon (Comedy),Comedy
72,The Neon Kingdom (Drama),Drama
73,The Electric Horizon (Documentary),Documentary
74,The Frozen Horizon (Comedy),Comedy
75,The Frozen Horizon (Documentary),Documentary
76,The Electric Garden (Romance),Romance
77,The Velvet Echo (Documentary),Documentary
78,The Velvet Echo (Thriller),Thriller
79,The Rising Harbor (Drama),Drama
