user_id,item_id,rating
0,1,3.5
0,3,2.5
0,5,3.5
0,12,2.5
0,14,1.0
0,16,4.0
0,21,5.0
0,23,4.5
0,29,2.5
0,30,5.0
0,35,1.0
0,62,1.5
0,63,3.0
0,68,3.0
0,75,3.5
1,2,1.5
1,6,2.0
1,8,2.5
1,10,3.5
1,13,2.5
1,17,4.0
1,26,4.0
1,31,3.5
1,35,2.5
1,38,2.0
1,42,5.0
1,44,2.5
1,46,3.5
1,48,2.0
1,52,2.5
1,60,2.5
1,61,3.5
1,65,3.5
1,70,3.5
1,72,1.5
1,75,2.0
2,4,3.5
2,5,2.5
2,6,3.5
2,9,3.5
2,15,3.0
2,22,1.5
2,28,4.0
2,39,3.5
2,41,4.5
2,47,5.0
2,50,1.5
2,57,3.0
2,62,2.5
2,71,4.0
2,75,5.0
2,78,3.0
3,6,3.5
3,9,3.5
3,11,3.5
3,15,4.0
3,16,2.5
3,21,1.5
3,23,5.0
3,29,3.0
3,30,2.5
3,31,3.5
3,37,4.5
3,42,4.5
3,46,3.5
3,47,4.5
3,55,4.5
3,61,2.5
3,62,4.0
3,63,2.5
3,66,3.5
3,68,3.5
3,77,3.0
4,5,3.0
4,7,2.0
4,16,3.5
4,17,2.0
4,24,3.0
4,25,3.0
4,29,3.5
4,32,3.0
4,36,2.0
4,44,1.0
4,49,3.5
4,54,2.0
4,55,2.5
4,68,4.0
4,72,3.0
4,74,3.0
5,5,2.5
5,9,2.0
5,20,3.0
5,28,3.0
5,38,2.5
5,49,2.5
5,50,2.0
5,53,3.5
5,54,1.5
5,56,4.0
5,61,1.5
5,62,4.5
5,63,1.0
5,66,4.0
5,69,1.5
5,74,1.0
5,76,3.0
6,0,4.0
6,1,3.0
6,3,3.0
6,5,4.0
6,6,3.5
6,8,4.5
6,11,3.5
6,21,2.5
6,22,3.5
6,27,2.5
6,34,2.5
6,37,2.0
6,38,1.5
6,47,1.5
6,54,1.0
6,58,2.0
6,62,2.5
6,65,4.0
6,67,3.5
6,77,2.5
7,1,4.0
7,2,1.5
7,3,5.0
7,4,3.0
7,8,2.5
7,11,3.5
7,14,3.5
7,15,3.0
7,19,3.0
7,30,1.5
7,35,3.0
7,40,3.5
7,44,1.0
7,46,2.5
7,50,2.0
7,58,3.0
7,59,4.5
7,77,3.0
8,7,4.5
8,12,2.5
8,14,1.5
8,15,1.5
8,20,2.0
8,22,4.0
8,32,3.0
8,37,2.0
8,50,3.0
8,55,2.5
8,58,2.5
8,66,1.5
8,69,3.0
8,70,3.0
8,74,3.0
8,78,3.0
8,79,4.0
9,4,2.5
9,9,1.5
9,11,3.5
9,15,1.0
9,27,4.5
9,28,2.0
9,32,4.5
9,38,1.0
9,42,2.0
9,44,1.5
9,53,1.0
9,59,4.0
9,63,2.5
9,66,1.5
9,68,2.0
9,70,4.5
9,71,4.0
9,73,5.0
9,74,4.0
9,76,1.5
9,77,1.5
10,10,2.0
10,16,3.0
10,33,2.5
10,34,4.0
10,44,1.0
10,45,1.0
10,46,2.5
10,53,2.5
10,57,2.0
10,58,1.5
10,66,2.5
10,79,3.0
11,1,4.0
11,12,2.0
11,19,2.5
11,35,1.0
11,43,3.5
11,47,3.0
11,51,3.5
11,70,2.5
11,71,4.5
11,72,3.0
11,74,3.5
11,75,4.5
12,0,4.0
12,7,3.0
12,8,3.5
12,12,2.5
12,15,2.5
12,16,2.0
12,18,5.0
12,42,2.5
12,45,3.0
12,48,3.5
12,52,3.0
12,56,3.0
12,57,3.5
12,60,3.0
12,69,2.5
12,79,3.0
13,0,3.0
13,2,3.5
13,9,3.5
13,16,3.0
13,24,3.0
13,25,1.5
13,26,3.5
13,27,1.5
13,30,4.5
13,31,4.0
13,32,1.5
13,34,2.5
13,35,1.5
13,39,4.0
13,47,4.5
13,51,2.5
13,60,3.0
13,67,3.0
13,70,3.0
13,73,2.0
13,78,3.0
14,5,3.0
14,6,3.5
14,9,3.5
14,17,4.0
14,24,5.0
14,36,1.5
14,37,3.5
14,41,2.0
14,44,1.5
14,51,4.0
14,57,1.5
14,64,2.5
14,77,3.5
14,78,3.0
15,0,3.5
15,30,4.5
15,40,2.5
15,43,4.0
15,46,3.0
15,51,1.0
15,56,4.0
15,57,5.0
15,62,3.0
15,67,3.0
15,74,3.0
15,75,3.0
15,76,1.5
15,79,3.5
16,2,3.0
16,3,3.0
16,5,3.0
16,23,1.0
16,28,1.0
16,30,4.0
16,31,4.5
16,33,2.5
16,38,1.0
16,43,2.5
16,48,2.0
16,57,3.5
16,64,3.0
16,66,5.0
16,73,3.5
16,74,2.5
16,77,3.5
17,3,2.5
17,8,2.0
17,11,1.5
17,12,4.0
17,20,3.5
17,22,2.5
17,24,3.0
17,26,3.5
17,29,2.0
17,31,2.0
17,48,4.0
17,49,1.5
17,54,5.0
17,57,3.5
17,59,2.5
17,61,3.0
17,68,2.5
17,70,1.5
17,73,4.5
17,76,1.0
17,78,3.0
18,8,4.5
18,10,3.0
18,23,5.0
18,24,1.0
18,26,2.5
18,30,5.0
18,31,4.0
18,44,5.0
18,51,2.5
18,53,4.0
18,60,3.5
18,61,2.5
18,68,3.0
18,73,2.5
19,1,4.0
19,11,4.0
19,19,1.5
19,29,2.0
19,38,3.0
19,42,4.5
19,43,2.5
19,46,3.5
19,47,3.0
19,48,3.0
19,61,2.5
19,65,4.0
19,71,1.5
19,77,3.5
20,0,4.0
20,1,3.5
20,3,5.0
20,4,4.0
20,7,2.5
20,12,2.5
20,13,1.0
20,34,4.0
20,37,2.5
20,40,3.5
20,45,1.5
20,48,2.5
20,50,4.0
20,54,3.5
20,58,2.5
20,59,4.5
20,67,4.0
20,68,3.0
20,72,3.0
20,73,2.5
20,77,3.5
21,3,1.0
21,5,4.5
21,7,5.0
21,16,4.0
21,18,1.0
21,22,1.0
21,33,5.0
21,66,2.0
21,67,3.5
21,70,1.5
21,71,1.0
21,72,1.5
21,73,2.5
21,78,4.0
22,1,1.0
22,2,4.5
22,4,2.0
22,5,3.5
22,8,1.5
22,10,2.5
22,27,2.5
22,32,2.5
22,35,3.0
22,40,2.5
22,58,4.5
22,59,2.5
22,61,2.5
22,64,3.5
22,69,1.0
22,70,2.5
22,77,2.5
22,78,4.0
22,79,1.5
23,3,2.5
23,4,3.5
23,12,4.0
23,15,3.5
23,20,1.5
23,22,3.0
23,24,5.0
23,32,1.5
23,33,2.0
23,36,5.0
23,41,5.0
23,45,5.0
23,46,1.0
23,52,1.5
23,58,5.0
23,68,2.5
23,72,5.0
23,76,1.0
24,13,2.0
24,21,2.0
24,24,4.0
24,25,5.0
24,26,3.5
24,30,1.0
24,41,2.5
24,51,2.5
24,61,3.5
24,63,4.0
24,64,3.5
24,74,4.0
25,3,3.0
25,6,1.0
25,11,3.0
25,12,5.0
25,14,5.0
25,19,3.0
25,24,1.0
25,26,4.0
25,28,1.0
25,30,5.0
25,32,3.0
25,33,2.0
25,34,2.5
25,35,1.0
25,38,1.0
25,54,2.0
25,55,1.5
25,60,3.0
25,65,4.5
25,71,1.0
25,73,4.0
26,2,5.0
26,5,2.0
26,13,4.5
26,18,3.0
26,21,2.5
26,24,3.5
26,28,3.5
26,29,2.0
26,32,2.0
26,34,1.5
26,37,3.0
26,42,1.5
26,43,3.0
26,53,3.5
26,62,3.5
26,64,2.0
26,65,2.0
26,66,2.5
26,72,3.0
26,78,3.0
27,1,4.0
27,2,1.5
27,6,2.5
27,11,2.5
27,13,3.0
27,17,4.0
27,19,2.5
27,21,1.5
27,24,1.0
27,25,2.5
27,26,2.5
27,32,1.0
27,33,5.0
27,34,1.0
27,35,1.0
27,37,3.5
27,38,2.5
27,39,5.0
27,41,5.0
27,51,1.5
27,61,3.0
27,62,3.0
27,64,1.0
27,68,3.5
27,69,4.0
27,73,1.0
28,11,1.5
28,13,1.5
28,23,3.0
28,31,2.5
28,36,2.0
28,37,1.5
28,39,1.0
28,49,3.0
28,55,2.0
28,56,3.0
28,67,3.5
28,69,1.0
28,72,2.0
28,75,5.0
29,0,4.0
29,11,3.5
29,13,3.5
29,14,2.5
29,21,2.5
29,22,2.5
29,23,1.0
29,25,1.5
29,35,2.0
29,44,1.0
29,46,1.0
29,48,2.5
29,50,4.0
29,61,4.0
29,62,1.5
29,63,5.0
29,65,4.0
29,66,4.0
29,71,5.0
29,73,1.0
29,79,3.0
30,0,1.0
30,1,2.0
30,2,1.0
30,5,3.0
30,6,3.5
30,10,3.5
30,12,3.0
30,16,1.0
30,20,1.5
30,22,5.0
30,30,3.0
30,31,4.5
30,34,3.5
30,36,3.5
30,45,2.5
30,47,1.5
30,50,3.0
30,54,2.5
30,66,3.0
30,67,5.0
30,78,3.0
31,1,3.0
31,2,3.5
31,6,4.5
31,15,2.0
31,16,4.0
31,18,4.5
31,20,2.0
31,29,3.5
31,30,3.0
31,34,3.0
31,51,1.5
31,68,3.5
31,70,3.5
31,78,2.0
32,15,3.5
32,18,3.5
32,19,4.0
32,33,1.5
32,36,3.0
32,41,4.0
32,43,2.5
32,65,2.0
32,66,2.5
32,67,1.0
32,70,2.5
33,5,3.0
33,6,4.5
33,8,4.0
33,16,1.5
33,20,1.5
33,22,4.0
33,24,2.5
33,26,2.5
33,32,3.0
33,35,3.0
33,36,2.5
33,38,1.5
33,41,2.0
33,54,3.5
33,59,2.5
33,69,2.0
33,70,4.5
34,8,3.0
34,11,2.5
34,16,5.0
34,17,5.0
34,21,4.0
34,35,3.0
34,42,1.5
34,51,4.0
34,53,5.0
34,60,5.0
34,66,2.5
34,68,3.0
34,72,2.5
34,78,3.5
35,0,2.0
35,3,2.0
35,4,2.5
35,14,2.5
35,19,2.5
35,26,4.0
35,29,3.5
35,30,5.0
35,31,5.0
35,33,5.0
35,37,3.0
35,57,3.0
35,64,2.5
35,72,3.5
36,0,2.5
36,11,3.5
36,16,2.5
36,21,1.5
36,25,4.0
36,26,2.5
36,30,2.0
36,36,4.5
36,40,2.5
36,50,3.5
36,58,3.5
36,60,3.5
36,65,2.0
36,66,3.5
36,77,4.5
37,19,1.0
37,21,1.0
37,26,4.0
37,28,1.0
37,29,5.0
37,31,3.5
37,40,2.5
37,43,3.0
37,46,5.0
37,52,4.5
37,64,2.5
37,75,1.0
37,77,2.0
38,0,2.5
38,5,4.0
38,6,1.5
38,24,3.5
38,31,3.5
38,44,2.0
38,45,3.0
38,52,5.0
38,54,2.0
38,55,1.5
38,59,3.0
38,65,4.5
38,66,2.5
38,68,3.0
38,70,3.0
39,0,4.0
39,3,3.0
39,5,5.0
39,6,1.5
39,7,2.5
39,14,3.0
39,18,5.0
39,25,3.5
39,27,3.5
39,28,4.0
39,29,2.0
39,30,5.0
39,45,4.0
39,49,3.5
39,51,1.5
39,56,4.5
39,58,5.0
39,61,3.0
39,64,5.0
39,66,1.5
39,67,3.5
39,74,4.0
39,75,3.0
40,1,2.5
40,4,4.0
40,9,4.5
40,11,2.5
40,12,1.5
40,19,1.0
40,22,1.0
40,24,5.0
40,34,3.0
40,40,2.5
40,41,2.0
40,43,1.0
40,46,2.0
40,54,1.0
40,66,1.0
40,72,1.0
40,76,5.0
41,2,1.0
41,7,2.0
41,11,4.5
41,12,2.5
41,20,5.0
41,22,2.5
41,28,1.0
41,32,1.0
41,34,4.5
41,35,1.5
41,36,3.5
41,37,5.0
41,42,4.5
41,45,5.0
41,47,4.0
41,50,4.5
41,65,3.0
41,66,5.0
41,67,1.0
41,73,2.0
42,4,1.0
42,16,1.5
42,24,1.0
42,34,2.0
42,43,4.0
42,45,2.0
42,50,3.0
42,68,3.5
42,70,4.0
42,72,3.0
42,77,2.5
42,78,2.0
43,3,1.5
43,20,3.5
43,22,2.5
43,32,3.0
43,33,4.0
43,38,3.0
43,43,3.0
43,52,4.0
43,53,5.0
43,54,2.0
43,55,3.0
43,57,3.0
43,62,3.0
43,71,1.5
43,72,2.0
43,78,4.0
44,0,2.5
44,6,3.5
44,10,2.5
44,15,2.0
44,16,2.0
44,18,1.5
44,25,2.5
44,29,3.0
44,32,2.5
44,34,3.5
44,36,3.5
44,39,1.5
44,40,3.0
44,41,3.5
44,43,3.5
44,57,2.5
44,58,3.0
44,71,3.5
44,73,2.5
44,79,1.5
45,1,3.0
45,10,2.0
45,23,2.0
45,24,3.0
45,26,2.0
45,28,4.0
45,29,4.0
45,34,4.0
45,35,5.0
45,37,3.5
45,39,1.0
45,43,1.0
45,44,1.0
45,52,2.5
45,59,5.0
45,60,2.0
45,62,1.5
45,66,1.0
46,2,3.0
46,3,2.0
46,4,2.5
46,5,4.0
46,8,4.0
46,14,1.5
46,17,1.0
46,20,2.5
46,22,2.5
46,23,3.0
46,30,3.5
46,41,1.0
46,42,5.0
46,43,2.0
46,45,3.0
46,64,3.0
46,65,4.0
46,74,4.0
46,78,3.0
47,0,1.5
47,6,2.0
47,11,3.0
47,13,2.5
47,14,4.5
47,16,3.0
47,17,4.0
47,22,3.5
47,25,4.5
47,28,5.0
47,32,3.5
47,34,2.0
47,40,3.0
47,43,3.5
47,53,3.0
47,68,2.5
47,69,1.0
47,74,2.5
47,75,2.0
47,77,2.5
48,1,4.0
48,8,2.0
48,11,2.5
48,16,5.0
48,18,2.5
48,23,3.5
48,32,4.0
48,39,1.0
48,45,3.0
48,46,2.0
48,47,4.5
48,49,5.0
48,61,3.5
48,72,1.0
48,74,4.0
48,75,4.5
49,3,2.5
49,4,3.5
49,13,5.0
49,15,3.5
49,17,4.5
49,19,4.5
49,26,4.0
49,27,4.5
49,31,4.0
49,35,1.5
49,39,5.0
49,45,3.5
49,58,3.5
49,59,2.0
49,61,3.5
49,62,3.5
49,63,3.0
49,64,3.0
49,66,4.0
49,69,3.0
49,70,3.0
49,76,1.0
49,77,3.5
49,79,4.0
50,1,4.5
50,6,3.0
50,9,3.5
50,16,3.0
50,18,1.0
50,20,2.5
50,23,5.0
50,31,5.0
50,37,1.5
50,38,4.0
50,41,4.0
50,47,4.0
50,52,4.0
50,55,4.0
50,58,2.5
50,62,2.5
50,68,3.5
50,75,3.0
51,1,3.5
51,9,4.5
51,10,2.5
51,17,1.0
51,19,3.5
51,27,3.0
51,28,3.5
51,29,5.0
51,48,3.0
51,70,4.5
51,73,2.0
51,74,3.5
51,76,4.5
51,78,1.0
51,79,2.5
52,8,3.0
52,23,5.0
52,25,2.5
52,26,2.0
52,43,5.0
52,50,3.0
52,51,2.5
52,54,2.5
52,61,2.5
53,3,2.0
53,4,2.5
53,11,4.0
53,13,3.0
53,15,5.0
53,21,3.5
53,24,1.5
53,25,2.5
53,28,2.5
53,31,5.0
53,35,1.0
53,36,3.5
53,40,1.5
53,42,5.0
53,51,3.5
53,56,4.5
53,57,2.0
53,74,1.5
53,77,2.5
53,79,3.5
54,1,1.0
54,2,5.0
54,4,1.0
54,8,1.0
54,9,1.0
54,14,3.0
54,15,3.0
54,17,4.0
54,19,4.5
54,21,4.5
54,24,2.0
54,39,4.0
54,43,4.5
54,50,1.0
54,53,3.0
54,56,4.0
54,61,2.0
54,62,4.0
54,63,1.0
54,64,4.5
54,72,3.0
54,73,5.0
54,77,2.0
55,6,3.0
55,7,5.0
55,11,1.0
55,12,2.0
55,23,5.0
55,26,2.0
55,28,5.0
55,36,4.5
55,38,5.0
55,49,3.5
55,51,1.0
55,66,2.5
55,67,3.0
56,0,4.5
56,8,4.5
56,11,2.0
56,12,4.0
56,17,2.5
56,19,4.5
56,26,2.5
56,29,3.0
56,31,2.5
56,32,2.5
56,45,2.0
56,51,5.0
56,54,5.0
56,58,3.5
56,61,3.0
56,64,2.5
56,69,3.5
56,72,5.0
56,76,1.0
57,3,2.0
57,7,3.0
57,11,3.5
57,13,5.0
57,14,2.5
57,18,1.0
57,21,2.5
57,23,1.5
57,24,5.0
57,26,3.0
57,29,3.0
57,33,4.0
57,36,4.0
57,37,5.0
57,39,5.0
57,40,1.5
57,45,5.0
57,49,3.5
57,50,3.5
57,53,4.5
57,55,4.5
57,74,1.5
57,79,3.5
58,1,2.5
58,2,1.0
58,5,1.5
58,7,1.0
58,10,2.0
58,21,1.5
58,29,4.0
58,31,1.5
58,32,3.5
58,34,5.0
58,38,3.5
58,57,3.5
58,59,3.5
58,65,3.5
58,75,4.0
59,8,2.5
59,34,2.5
59,38,3.5
59,39,3.0
59,41,5.0
59,44,4.0
59,45,2.5
59,53,3.5
59,56,3.5
59,59,1.0
59,63,1.5
59,69,3.0
59,75,3.0
59,76,1.5
59,79,2.5
60,9,3.0
60,12,4.5
60,17,5.0
60,18,2.0
60,20,5.0
60,26,3.0
60,32,1.0
60,33,2.5
60,37,4.5
60,43,4.5
60,54,4.5
60,60,2.5
60,67,1.0
60,71,2.5
60,73,3.0
60,77,4.0
61,3,4.0
61,4,3.5
61,6,3.5
61,20,4.5
61,21,3.0
61,23,2.0
61,26,4.5
61,33,3.0
61,37,3.0
61,49,2.5
61,54,3.0
61,60,2.5
61,65,4.5
61,69,2.0
61,72,4.5
61,74,4.5
61,77,2.5
61,79,4.0
62,2,2.5
62,3,3.0
62,5,2.5
62,8,4.0
62,10,3.0
62,13,1.0
62,17,1.0
62,19,3.0
62,20,1.0
62,21,4.0
62,23,4.0
62,24,2.5
62,35,5.0
62,46,4.5
62,47,3.5
62,52,1.0
62,55,3.5
62,57,4.0
62,63,2.5
62,71,4.5
62,74,5.0
62,76,3.0
62,79,4.0
63,1,2.0
63,2,5.0
63,4,1.0
63,15,1.5
63,17,2.0
63,20,1.5
63,35,2.0
63,44,4.5
63,53,2.0
63,57,5.0
63,58,4.0
63,64,5.0
63,69,1.5
63,70,3.5
63,72,4.5
63,77,2.0
64,5,4.0
64,7,4.0
64,8,5.0
64,9,5.0
64,11,3.0
64,14,2.0
64,16,5.0
64,17,1.0
64,20,2.5
64,31,1.0
64,33,3.0
64,34,3.0
64,37,1.0
64,44,2.0
64,47,4.0
64,48,3.5
64,54,2.5
64,65,4.0
64,76,4.5
64,77,2.0
65,1,3.5
65,2,2.5
65,3,5.0
65,6,3.5
65,14,4.5
65,19,2.5
65,21,2.0
65,22,3.5
65,25,5.0
65,26,3.5
65,37,2.5
65,39,2.0
65,42,3.5
65,46,1.0
65,47,3.0
65,48,2.0
65,52,1.5
65,54,1.5
65,61,4.0
65,62,2.0
65,66,1.5
65,67,3.0
65,70,2.5
65,71,5.0
65,75,3.0
65,77,2.5
66,0,3.0
66,5,1.5
66,9,1.5
66,14,2.5
66,16,2.5
66,19,1.5
66,21,2.0
66,30,3.0
66,31,3.5
66,47,3.0
66,48,2.5
66,53,3.5
66,54,3.0
66,74,2.0
66,79,3.0
67,3,3.0
67,5,2.5
67,6,3.5
67,11,3.5
67,18,2.0
67,22,3.0
67,25,3.0
67,30,4.5
67,34,3.5
67,37,3.0
67,38,1.5
67,39,4.0
67,40,1.5
67,46,4.5
67,47,3.0
67,48,3.5
67,53,3.5
67,58,3.5
67,62,4.0
67,63,1.5
67,67,3.0
67,71,1.0
67,77,2.5
68,5,5.0
68,10,2.0
68,12,3.5
68,16,5.0
68,23,1.0
68,24,3.0
68,25,2.5
68,28,1.0
68,29,3.0
68,42,2.0
68,50,3.0
68,51,4.0
68,56,3.0
68,64,4.5
68,65,5.0
68,66,3.5
68,71,3.0
68,72,2.0
69,1,4.0
69,4,3.5
69,5,2.0
69,7,3.0
69,11,5.0
69,16,1.0
69,24,3.0
69,30,1.0
69,31,4.0
69,33,3.0
69,34,3.5
69,38,1.0
69,39,1.0
69,47,1.0
69,50,5.0
69,59,2.5
69,60,1.5
69,61,1.5
69,62,3.0
69,67,4.0
69,70,4.5
69,71,3.0
70,0,3.5
70,32,2.5
70,36,2.5
70,44,5.0
70,46,3.0
70,48,3.5
70,49,4.0
70,58,4.0
70,59,2.5
70,61,3.0
70,62,4.0
70,65,4.0
70,70,1.0
70,72,3.5
70,76,2.5
71,0,1.5
71,3,4.0
71,5,2.0
71,6,3.0
71,9,1.0
71,10,1.5
71,11,2.5
71,12,5.0
71,13,3.0
71,15,3.0
71,22,4.0
71,23,5.0
71,24,4.5
71,33,2.5
71,42,1.0
71,47,2.0
71,48,4.5
71,52,3.0
71,53,1.5
71,56,3.5
71,57,2.0
71,59,2.5
71,60,4.0
71,71,4.5
71,72,5.0
71,76,1.0
71,78,2.5
72,1,5.0
72,6,2.0
72,7,5.0
72,14,1.0
72,20,3.0
72,23,2.5
72,29,1.5
72,31,3.5
72,34,2.0
72,37,1.0
72,42,3.5
72,43,3.0
72,49,5.0
72,68,3.0
72,73,2.0
72,76,5.0
72,78,3.5
73,6,4.0
73,10,2.5
73,24,5.0
73,28,2.0
73,38,1.5
73,40,5.0
73,49,2.5
73,69,3.0
73,72,3.5
73,74,3.5
73,75,1.5
73,79,2.5
74,6,3.5
74,13,3.0
74,21,3.0
74,27,1.5
74,28,1.0
74,29,3.5
74,30,3.5
74,36,2.0
74,38,1.5
74,44,2.0
74,46,4.0
74,49,4.5
74,60,2.5
74,61,4.0
74,69,5.0
74,70,3.5
74,75,2.0
75,1,4.5
75,18,3.5
75,19,3.5
75,23,2.5
75,26,2.5
75,32,4.0
75,33,3.5
75,34,4.5
75,58,1.5
75,63,4.5
75,65,1.0
75,68,3.5
75,79,4.0
76,5,3.0
76,10,4.5
76,16,4.0
76,26,2.0
76,29,1.5
76,34,1.5
76,35,1.5
76,36,4.5
76,43,2.5
76,53,3.0
76,55,5.0
76,56,3.0
76,58,2.0
76,59,2.0
76,71,1.5
76,76,4.0
77,6,1.0
77,7,1.0
77,11,4.5
77,20,5.0
77,22,2.5
77,32,4.5
77,43,1.0
77,45,2.0
77,47,1.5
77,50,5.0
77,53,5.0
77,55,1.0
77,67,5.0
77,69,1.0
77,70,2.5
77,72,5.0
77,75,1.0
77,77,1.0
78,3,1.0
78,8,2.5
78,14,3.0
78,21,3.5
78,23,3.5
78,25,2.0
78,33,4.0
78,40,2.5
78,47,3.0
78,54,2.5
78,55,3.5
78,58,2.5
78,67,4.5
78,68,2.5
78,75,2.5
78,77,2.5
79,2,1.0
79,13,5.0
79,16,1.0
79,18,1.5
79,25,2.5
79,28,1.0
79,29,4.5
79,30,3.5
79,32,1.0
79,34,2.5
79,35,1.0
79,38,1.5
79,46,3.5
79,47,1.0
79,50,4.0
79,69,4.0
79,73,3.0
79,75,1.0
80,1,3.0
80,9,3.5
80,11,5.0
80,19,5.0
80,23,4.0
80,29,3.0
80,31,2.5
80,33,3.0
80,35,5.0
80,36,3.5
80,38,4.5
80,39,3.0
80,56,2.5
80,57,2.5
80,59,3.0
80,65,2.5
80,77,4.5
81,7,1.0
81,9,4.5
81,12,3.5
81,13,1.0
81,17,2.5
81,20,3.0
81,27,4.5
81,29,3.0
81,30,1.0
81,32,4.5
81,39,1.5
81,41,2.0
81,46,3.0
81,47,3.0
81,51,3.0
81,54,2.0
81,75,3.0
81,76,3.5
81,77,3.0
81,78,2.0
82,0,3.0
82,16,3.0
82,17,3.0
82,19,5.0
82,65,1.5
82,67,3.0
82,68,2.5
83,4,3.5
83,7,3.5
83,8,5.0
83,11,3.0
83,21,5.0
83,23,1.0
83,30,5.0
83,36,1.0
83,38,3.0
83,53,2.0
83,57,4.5
83,58,1.0
83,60,3.0
83,71,5.0
84,3,5.0
84,5,2.5
84,12,3.0
84,23,1.0
84,42,4.0
84,54,5.0
84,59,3.5
84,60,2.5
84,70,3.5
84,71,5.0
84,72,4.0
84,75,3.5
84,76,2.0
84,79,4.5
85,11,4.5
85,12,3.0
85,14,3.5
85,20,4.0
85,21,2.0
85,23,1.0
85,33,3.0
85,34,4.0
85,36,1.5
85,38,1.5
85,50,3.5
85,54,2.0
85,61,4.0
85,74,4.0
85,76,3.5
86,4,1.0
86,6,4.5
86,24,1.0
86,28,3.5
86,29,2.5
86,38,2.5
86,45,1.0
86,49,3.0
86,51,4.0
86,67,3.5
86,70,3.5
86,73,3.0
86,76,4.0
86,77,2.0
87,2,1.0
87,7,4.5
87,12,1.5
87,25,3.0
87,27,1.0
87,34,3.0
87,36,4.5
87,44,2.0
87,45,3.5
87,46,4.5
87,50,3.0
87,53,3.0
87,60,1.5
87,61,3.0
87,63,2.5
87,65,1.5
87,76,4.5
88,0,3.0
88,1,1.5
88,3,3.0
88,14,3.0
88,19,5.0
88,22,2.0
88,24,5.0
88,38,4.0
88,47,2.5
88,48,4.0
88,59,1.5
88,65,2.5
88,70,2.5
88,71,3.5
88,72,3.5
88,75,4.5
89,4,1.5
89,5,3.0
89,12,3.5
89,15,1.0
89,21,5.0
89,22,2.0
89,28,4.0
89,29,2.0
89,41,2.0
89,55,1.0
89,56,2.5
89,68,3.0
89,70,3.0
89,73,5.0
89,74,5.0
90,2,5.0
90,6,2.5
90,12,3.5
90,13,3.5
90,19,2.5
90,35,2.0
90,43,2.0
90,60,3.5
90,63,5.0
90,64,4.0
90,65,5.0
90,77,3.5
91,3,2.5
91,11,4.0
91,15,2.5
91,16,2.0
91,28,2.0
91,29,3.5
91,35,2.5
91,55,3.0
91,59,3.5
91,64,3.5
91,65,3.0
91,66,3.0
91,69,2.5
92,5,1.5
92,8,1.0
92,9,1.5
92,10,3.0
92,13,3.0
92,19,4.5
92,21,3.0
92,22,3.0
92,24,4.0
92,25,3.0
92,28,4.5
92,32,3.5
92,38,5.0
92,41,5.0
92,47,3.0
92,53,1.0
92,54,4.5
92,68,1.5
92,73,2.5
92,74,3.0
92,75,4.5
92,76,1.0
92,78,2.0
93,5,3.5
93,9,4.0
93,11,2.5
93,16,5.0
93,31,2.0
93,35,2.5
93,37,1.5
93,39,1.0
93,41,1.0
93,44,2.5
93,45,2.0
93,48,3.0
93,51,4.5
93,57,2.5
93,65,5.0
93,72,2.0
93,75,3.0
93,76,4.0
93,77,2.0
93,79,4.0
94,14,3.0
94,27,1.0
94,39,4.0
94,40,1.5
94,46,3.0
94,47,3.5
94,59,2.0
94,63,2.5
94,73,2.5
94,77,3.5
95,0,4.0
95,3,3.0
95,9,4.5
95,12,2.0
95,15,3.0
95,26,2.5
95,27,3.0
95,34,3.0
95,44,4.0
95,47,5.0
95,50,3.5
95,52,1.0
95,56,2.0
95,61,5.0
95,69,5.0
95,70,1.0
95,74,3.5
95,75,5.0
95,78,3.5
95,79,4.5
96,1,1.5
96,4,2.0
96,6,3.0
96,10,3.5
96,11,1.0
96,16,3.5
96,24,2.5
96,29,1.5
96,37,3.0
96,43,5.0
96,50,3.0
96,56,3.0
96,59,1.0
96,61,2.5
96,64,5.0
96,67,3.0
96,72,5.0
96,75,5.0
96,78,3.0
97,15,1.0
97,31,3.0
97,34,3.0
97,37,1.0
97,48,3.5
97,53,1.0
97,56,5.0
97,57,4.5
97,59,4.0
97,60,3.0
97,61,3.0
97,63,3.5
97,65,3.5
97,66,2.0
97,72,4.5
97,74,5.0
98,4,3.0
98,5,4.5
98,25,5.0
98,42,4.0
98,47,5.0
98,48,4.0
98,49,3.5
98,60,3.5
98,64,2.5
99,6,4.5
99,10,2.5
99,11,2.0
99,17,1.0
99,30,1.5
99,36,1.5
99,40,4.0
99,41,1.5
99,43,1.0
99,48,4.0
99,56,3.0
99,57,3.5
99,59,4.5
99,61,4.0
99,65,3.0
99,68,3.5
99,70,2.0
99,75,5.0
100,0,3.5
100,5,2.5
100,23,2.0
100,25,1.0
100,33,4.5
100,36,4.5
100,43,5.0
100,47,2.0
100,61,3.5
100,66,4.5
100,67,2.5
100,78,4.5
101,10,2.5
101,11,2.0
101,15,2.5
101,16,2.5
101,25,3.5
101,27,4.0
101,33,1.5
101,45,3.0
101,47,2.0
101,53,3.0
101,54,3.0
101,59,3.5
101,60,4.5
101,61,1.0
101,64,5.0
101,70,2.5
101,72,4.5
102,4,4.0
102,5,3.5
102,6,2.5
102,12,4.0
102,13,3.5
102,14,4.5
102,15,4.5
102,17,4.0
102,18,4.0
102,21,1.0
102,28,3.5
102,40,3.5
102,44,3.0
102,58,3.5
102,65,5.0
102,66,3.0
102,70,2.0
102,71,4.5
102,72,1.5
102,75,3.5
102,79,1.5
103,2,4.0
103,3,5.0
103,8,1.5
103,15,3.0
103,19,4.0
103,20,2.0
103,23,3.5
103,24,4.5
103,27,3.0
103,30,1.5
103,41,3.5
103,45,4.0
103,48,3.0
103,71,5.0
103,72,2.0
103,73,2.5
103,78,1.5
104,0,3.0
104,3,2.5
104,4,1.0
104,10,1.5
104,12,1.0
104,19,2.5
104,28,5.0
104,31,1.5
104,32,4.0
104,41,2.5
104,44,5.0
104,47,3.0
104,48,4.0
104,53,2.5
104,57,3.5
104,62,1.0
104,63,3.5
104,66,1.0
104,69,1.5
104,75,4.5
105,3,3.0
105,9,1.5
105,11,2.5
105,19,5.0
105,32,1.5
105,35,5.0
105,48,4.5
105,49,3.0
105,55,4.5
105,57,3.0
105,60,4.5
105,65,1.0
105,68,1.5
105,70,2.5
105,72,2.0
105,74,1.5
105,75,4.5
106,9,1.5
106,11,1.5
106,18,4.0
106,19,4.0
106,24,1.5
106,29,3.5
106,31,5.0
106,36,2.5
106,43,4.0
106,50,3.5
106,59,3.0
106,66,3.5
106,72,4.5
106,74,4.0
107,2,5.0
107,4,1.5
107,5,4.5
107,10,3.5
107,11,1.5
107,17,2.0
107,34,1.5
107,37,2.5
107,44,5.0
107,60,3.0
107,63,2.0
107,65,1.0
107,70,2.5
107,73,2.5
107,77,3.0
108,2,1.0
108,5,2.5
108,12,1.0
108,14,3.0
108,20,2.5
108,22,3.5
108,29,3.0
108,30,2.0
108,37,3.5
108,41,2.0
108,45,2.5
108,51,5.0
108,60,2.0
108,62,1.0
108,66,4.0
108,68,3.5
108,72,1.5
108,77,5.0
108,79,4.5
109,7,3.5
109,10,3.5
109,14,5.0
109,17,2.5
109,24,3.0
109,27,2.5
109,28,5.0
109,29,2.5
109,38,4.0
109,39,3.0
109,42,4.0
109,51,1.0
109,56,3.0
109,59,3.0
109,70,4.0
110,8,3.5
110,11,2.0
110,18,5.0
110,24,3.5
110,25,3.5
110,27,4.5
110,31,1.0
110,33,2.5
110,38,4.5
110,46,1.0
110,47,4.0
110,49,4.5
110,52,1.5
110,57,3.5
110,60,4.5
110,61,5.0
110,63,4.5
110,71,5.0
110,78,3.5
111,5,2.0
111,10,1.5
111,11,4.0
111,13,4.0
111,16,5.0
111,20,5.0
111,21,1.0
111,26,3.0
111,27,3.0
111,28,1.5
111,36,1.0
111,39,5.0
111,49,5.0
111,52,2.0
111,54,2.5
111,58,3.0
111,60,5.0
111,67,1.0
111,69,4.5
111,70,1.0
111,73,2.0
112,5,4.0
112,13,1.0
112,14,5.0
112,15,2.5
112,26,2.5
112,34,3.0
112,37,3.0
112,43,1.0
112,49,5.0
112,50,4.0
112,52,2.5
112,54,1.0
112,58,1.0
112,59,5.0
112,60,1.0
112,61,3.5
112,77,2.0
113,0,3.0
113,1,4.5
113,5,3.5
113,6,5.0
113,10,3.0
113,12,1.0
113,18,2.0
113,20,2.0
113,36,3.0
113,37,2.5
113,42,5.0
113,55,4.5
113,60,1.5
113,61,3.0
113,65,2.0
113,77,3.0
113,78,2.5
113,79,3.0
114,1,4.5
114,2,1.5
114,3,4.5
114,4,3.0
114,8,5.0
114,11,2.5
114,17,1.0
114,18,3.5
114,24,2.5
114,26,3.5
114,29,3.0
114,30,4.5
114,33,3.5
114,34,4.0
114,42,3.0
114,43,2.0
114,46,3.5
114,61,2.0
114,65,3.0
114,75,2.5
114,76,4.0
115,2,4.5
115,4,3.5
115,11,1.5
115,19,2.5
115,26,3.0
115,32,1.0
115,45,5.0
115,46,1.0
115,60,5.0
115,65,4.5
115,66,5.0
115,67,2.5
115,69,5.0
115,70,1.5
115,71,2.5
116,1,4.5
116,4,4.0
116,10,2.0
116,12,3.5
116,15,4.0
116,19,1.0
116,20,5.0
116,21,3.0
116,23,1.0
116,24,3.5
116,29,2.0
116,34,2.5
116,36,1.0
116,41,1.0
116,45,2.0
116,48,3.5
116,51,4.0
116,57,2.0
116,75,2.5
117,0,3.5
117,4,4.5
117,12,3.0
117,13,5.0
117,19,3.0
117,21,3.0
117,24,3.5
117,28,1.0
117,30,4.0
117,33,3.0
117,35,1.5
117,39,5.0
117,53,3.5
117,58,3.0
117,62,2.5
117,65,3.5
117,68,3.0
117,70,2.5
118,1,2.0
118,2,3.0
118,3,3.5
118,4,2.5
118,8,3.5
118,10,3.0
118,11,2.0
118,13,3.0
118,17,3.0
118,24,3.5
118,27,4.0
118,28,3.0
118,40,3.5
118,48,3.0
118,59,2.5
118,61,1.5
118,63,2.5
118,68,2.0
118,69,2.0
118,71,4.5
118,72,3.5
118,75,3.5
118,77,3.0
118,79,3.0
119,3,2.5
119,7,3.5
119,10,2.5
119,17,2.0
119,24,1.0
119,26,3.5
119,27,3.0
119,37,1.5
119,39,3.0
119,53,4.5
119,55,2.0
119,57,3.0
119,77,1.0
120,8,1.0
120,9,1.0
120,18,4.5
120,21,1.0
120,28,4.0
120,33,1.0
120,38,3.5
120,51,1.0
120,52,5.0
120,61,3.0
120,67,1.5
120,71,3.0
120,79,1.0
121,0,1.5
121,5,2.5
121,6,2.0
121,17,4.0
121,19,3.0
121,23,3.5
121,24,3.5
121,26,2.5
121,32,4.0
121,38,3.5
121,42,2.5
121,45,4.5
121,46,1.0
121,59,2.5
121,61,3.5
121,65,2.5
121,66,2.0
121,76,2.0
121,79,1.5
122,0,2.5
122,12,3.5
122,20,3.5
122,26,3.5
122,28,3.0
122,46,4.5
122,50,3.0
122,55,3.5
122,57,2.0
122,64,3.0
122,65,3.5
122,68,2.0
122,69,3.5
122,73,2.0
122,75,1.5
123,16,5.0
123,28,2.5
123,30,4.5
123,48,4.5
123,51,4.0
123,53,3.5
123,54,3.5
123,58,2.0
123,60,3.0
123,61,4.0
123,62,1.0
123,64,5.0
124,4,3.0
124,10,3.5
124,14,1.0
124,22,3.5
124,25,1.5
124,35,4.0
124,39,1.0
124,45,3.0
124,48,3.0
124,49,3.0
124,51,5.0
124,56,2.0
124,59,1.5
124,67,2.5
124,71,5.0
125,14,5.0
125,22,5.0
125,28,4.0
125,33,1.0
125,38,1.0
125,47,2.0
125,48,2.5
125,56,5.0
125,58,3.0
125,62,3.5
125,68,2.5
125,75,1.0
126,7,1.0
126,9,4.0
126,11,5.0
126,14,4.5
126,30,1.0
126,33,2.0
126,36,2.0
126,38,2.5
126,41,2.5
126,45,3.0
126,48,1.5
126,54,3.0
126,59,3.5
126,62,2.5
126,68,2.5
126,69,3.5
126,71,3.5
126,75,3.0
126,76,3.5
126,79,2.5
127,0,2.5
127,6,3.5
127,9,3.5
127,11,1.5
127,16,3.0
127,20,3.5
127,22,1.0
127,23,4.5
127,26,3.5
127,27,2.0
127,30,2.5
127,33,3.0
127,47,4.5
127,51,2.5
127,52,2.0
127,54,3.5
127,61,4.5
127,65,2.5
127,69,5.0
127,70,1.5
127,72,1.0
128,2,1.0
128,4,5.0
128,10,3.0
128,12,4.0
128,14,2.0
128,16,1.0
128,26,2.5
128,33,1.0
128,36,3.5
128,38,1.0
128,39,1.0
128,40,4.0
128,41,2.0
128,44,1.0
128,47,2.0
128,49,1.0
128,53,1.0
128,54,4.5
128,56,1.0
128,60,1.5
128,66,4.5
128,74,3.5
129,0,3.0
129,3,2.5
129,4,1.5
129,5,4.5
129,6,4.0
129,13,1.5
129,38,4.5
129,39,1.5
129,40,4.0
129,42,2.5
129,44,3.5
129,45,3.0
129,50,1.5
129,52,3.0
129,54,1.5
129,55,3.0
129,58,4.0
129,66,1.0
129,67,3.0
129,74,3.5
129,79,2.0
130,2,1.0
130,7,3.0
130,11,4.0
130,25,1.5
130,26,3.0
130,40,2.0
130,43,4.0
130,48,2.5
130,49,3.5
130,53,1.0
130,60,1.0
130,62,1.5
130,65,2.0
130,73,1.5
130,78,2.5
131,11,1.5
131,12,2.0
131,13,2.5
131,14,2.5
131,16,5.0
131,17,3.0
131,23,4.5
131,27,3.0
131,33,3.5
131,36,3.5
131,37,1.5
131,42,2.0
131,44,5.0
131,50,2.0
131,51,2.0
131,52,3.0
131,59,3.0
131,71,4.0
131,78,3.0
132,5,3.0
132,6,3.0
132,9,1.5
132,19,3.5
132,22,4.0
132,26,3.5
132,37,4.5
132,38,2.5
132,40,5.0
132,43,2.5
132,45,3.5
132,46,4.0
132,53,4.0
132,54,1.5
132,57,1.0
132,60,3.5
132,65,3.5
132,66,2.0
132,71,2.0
132,72,3.0
133,10,3.0
133,14,4.0
133,26,4.0
133,30,3.0
133,37,4.0
133,38,3.5
133,41,5.0
133,45,4.0
133,69,2.5
133,73,3.0
133,74,1.5
133,75,2.0
134,8,1.0
134,12,3.5
134,17,5.0
134,23,4.5
134,25,2.0
134,44,4.5
134,46,2.5
134,47,3.5
134,60,3.0
134,73,3.0
134,76,2.0
135,1,3.0
135,3,2.0
135,5,3.5
135,8,3.5
135,11,2.5
135,17,4.5
135,23,2.0
135,27,3.0
135,28,1.5
135,34,3.0
135,45,3.5
135,49,3.0
135,52,4.0
135,65,3.5
135,67,3.0
135,74,3.0
135,75,2.5
135,76,2.5
136,1,2.0
136,8,2.0
136,14,2.5
136,20,4.5
136,21,3.0
136,23,1.5
136,30,3.0
136,32,1.5
136,38,2.0
136,42,2.0
136,43,5.0
136,46,1.0
136,49,2.5
136,60,4.0
136,62,5.0
136,66,5.0
136,68,2.5
136,69,3.5
136,71,2.0
136,72,4.0
136,78,4.0
137,2,5.0
137,3,3.0
137,4,1.5
137,11,1.5
137,13,1.0
137,16,5.0
137,17,2.0
137,18,5.0
137,20,3.5
137,24,1.5
137,27,2.5
137,34,2.5
137,41,1.0
137,50,2.0
137,72,2.0
137,76,4.0
137,79,3.5
138,5,4.5
138,9,3.0
138,13,3.0
138,14,1.0
138,15,1.5
138,22,4.5
138,28,3.0
138,36,3.5
138,47,2.5
138,50,4.0
138,51,3.0
138,55,1.0
138,61,1.0
138,63,2.0
138,73,5.0
138,74,3.0
139,1,4.5
139,9,5.0
139,27,2.5
139,31,2.0
139,33,3.5
139,48,2.5
139,49,4.0
139,54,1.0
139,55,2.5
139,64,4.5
139,65,3.5
139,68,3.0
139,71,3.0
139,73,1.0
139,79,3.5
140,2,1.0
140,4,3.0
140,20,3.0
140,21,3.0
140,23,5.0
140,24,3.0
140,27,1.0
140,36,5.0
140,43,5.0
140,44,2.0
140,45,2.5
140,46,5.0
140,47,4.5
140,50,3.5
140,53,2.0
140,54,4.5
140,58,2.5
140,64,1.0
140,71,1.5
141,0,1.0
141,11,1.5
141,24,1.5
141,31,3.5
141,35,4.5
141,36,5.0
141,37,4.0
141,39,2.0
141,45,3.0
141,48,4.0
141,50,2.0
141,56,4.0
141,58,5.0
141,59,1.5
141,64,4.0
141,66,2.5
141,68,2.0
141,69,1.0
141,70,4.0
141,71,1.0
141,75,3.5
141,79,2.5
142,0,2.0
142,1,3.5
142,3,2.5
142,7,3.5
142,11,3.5
142,12,2.0
142,15,3.5
142,19,3.5
142,27,1.0
142,34,3.0
142,49,3.0
142,53,2.5
142,54,3.0
142,55,4.0
142,56,3.5
142,57,2.5
142,75,2.5
142,76,3.0
143,9,2.5
143,10,1.0
143,12,4.0
143,18,5.0
143,36,1.0
143,47,3.5
143,63,4.5
143,64,3.0
143,67,1.0
143,68,3.0
143,75,4.0
143,76,2.5
144,3,2.5
144,7,1.0
144,24,4.0
144,25,3.0
144,32,3.0
144,33,1.5
144,37,2.5
144,46,1.0
144,47,2.0
144,48,2.5
144,50,1.5
144,55,1.0
144,57,2.0
144,61,3.0
144,68,3.0
144,70,1.5
145,3,1.5
145,5,4.0
145,9,2.0
145,11,1.0
145,13,5.0
145,15,1.5
145,19,2.5
145,21,5.0
145,23,3.5
145,33,5.0
145,41,2.0
145,50,3.5
145,52,3.0
145,55,2.5
145,66,2.0
145,69,5.0
145,71,4.0
145,78,2.5
146,0,2.0
146,2,2.0
146,3,3.5
146,24,2.5
146,32,2.5
146,56,3.5
146,59,3.5
146,62,3.5
146,66,4.0
146,67,3.5
146,72,3.0
146,73,2.5
146,76,3.5
146,79,3.0
147,7,2.0
147,14,4.5
147,16,5.0
147,19,1.0
147,22,3.0
147,25,5.0
147,27,2.0
147,28,3.0
147,30,3.5
147,33,2.5
147,39,1.5
147,40,4.0
147,42,4.0
147,46,3.0
147,49,4.5
147,51,3.0
147,54,1.0
147,55,3.0
147,64,5.0
147,66,1.0
147,68,2.5
147,69,1.0
147,76,5.0
147,79,3.5
148,0,5.0
148,4,3.5
148,8,3.5
148,11,3.0
148,18,5.0
148,21,4.5
148,23,1.0
148,24,3.0
148,26,4.0
148,27,4.0
148,28,1.0
148,30,5.0
148,32,3.0
148,40,3.5
148,44,2.0
148,49,4.5
148,50,3.0
148,51,5.0
148,61,5.0
148,64,5.0
148,67,2.0
148,71,4.5
148,76,3.0
149,1,3.5
149,2,5.0
149,3,3.5
149,8,1.0
149,16,5.0
149,20,3.0
149,22,1.5
149,28,5.0
149,42,1.5
149,49,4.5
149,58,3.5
149,59,4.0
149,64,3.5
149,75,5.0
149,77,4.5
150,4,2.5
150,5,2.0
150,13,2.5
150,23,3.0
150,24,1.0
150,25,3.0
150,29,4.5
150,34,3.5
150,35,2.0
150,43,3.0
150,47,1.0
150,49,1.0
150,53,1.0
150,58,2.0
150,62,3.0
150,63,2.0
150,64,3.5
150,68,3.5
150,72,5.0
151,1,2.5
151,2,5.0
151,3,1.5
151,11,1.5
151,23,2.5
151,33,4.5
151,34,2.5
151,38,3.5
151,49,4.5
151,58,3.5
151,60,3.5
151,70,2.0
151,71,2.0
151,78,4.5
152,0,3.0
152,1,3.5
152,3,3.5
152,4,3.0
152,17,1.5
152,21,2.0
152,22,4.5
152,33,3.0
152,34,3.0
152,42,5.0
152,48,2.0
152,53,1.0
152,56,4.0
152,60,1.0
152,62,1.5
152,73,1.5
152,74,1.5
152,78,3.5
153,8,3.5
153,14,3.5
153,15,4.0
153,16,4.0
153,19,2.0
153,22,2.0
153,23,5.0
153,29,2.5
153,31,5.0
153,33,5.0
153,36,3.5
153,41,3.0
153,45,4.0
153,50,2.5
153,54,1.0
153,57,3.5
153,65,3.5
153,66,2.5
153,68,4.0
153,69,3.0
153,74,2.0
153,78,4.5
154,0,2.0
154,8,1.0
154,18,2.0
154,20,2.5
154,21,1.0
154,30,1.0
154,41,4.5
154,44,2.5
154,45,4.5
154,47,2.0
154,65,2.0
154,66,2.0
154,76,1.0
155,1,5.0
155,3,4.5
155,10,3.0
155,11,4.5
155,14,2.5
155,15,1.0
155,16,1.0
155,21,2.5
155,27,4.0
155,32,3.5
155,33,3.5
155,36,3.5
155,37,3.0
155,38,1.5
155,39,1.5
155,41,3.5
155,46,4.0
155,47,2.5
155,48,2.0
155,51,4.5
155,55,2.5
155,58,1.0
155,72,3.0
155,75,2.5
155,76,3.0
155,77,3.5
156,13,2.5
156,14,3.5
156,16,2.0
156,18,4.0
156,19,3.0
156,22,4.5
156,23,1.0
156,27,4.5
156,28,1.0
156,29,4.0
156,30,2.0
156,35,3.0
156,40,3.5
156,45,2.0
156,49,1.5
156,51,5.0
156,52,2.0
156,54,4.5
156,55,2.5
156,57,3.0
156,58,2.0
156,67,4.0
156,69,4.5
156,72,4.5
156,74,3.5
157,2,5.0
157,4,2.5
157,6,4.5
157,13,2.0
157,15,2.5
157,17,1.5
157,22,2.0
157,23,5.0
157,26,1.0
157,27,1.0
157,31,1.5
157,37,2.0
157,45,4.5
157,47,5.0
157,59,3.5
157,72,1.0
157,73,2.0
157,74,3.5
157,75,5.0
157,79,2.0
158,4,1.0
158,6,2.5
158,10,1.5
158,11,1.0
158,12,1.5
158,13,1.0
158,14,4.0
158,15,3.0
158,17,1.0
158,20,3.0
158,35,1.5
158,36,1.0
158,46,5.0
158,48,4.0
158,51,1.0
158,56,5.0
158,59,5.0
158,61,2.0
158,65,5.0
159,0,3.5
159,12,3.5
159,13,1.0
159,14,3.5
159,16,1.5
159,19,5.0
159,22,4.5
159,29,3.5
159,30,1.0
159,34,4.5
159,39,1.0
159,45,2.0
159,48,3.5
159,49,1.0
159,53,1.0
159,56,4.0
159,62,2.0
159,64,3.0
159,65,1.0
159,66,2.0
159,72,4.5
159,73,5.0
159,76,1.0
159,77,4.5
160,6,4.0
160,13,2.0
160,20,2.0
160,29,1.0
160,31,2.0
160,33,2.5
160,42,2.5
160,48,4.5
160,51,1.0
160,52,3.5
160,54,2.0
160,63,1.0
160,69,2.0
160,76,3.0
161,0,4.0
161,2,2.5
161,5,4.5
161,6,4.0
161,7,4.5
161,12,2.5
161,14,2.0
161,18,3.0
161,20,3.0
161,34,4.0
161,37,2.0
161,38,3.0
161,40,2.5
161,61,4.0
161,68,3.5
162,8,1.5
162,11,2.5
162,19,3.0
162,29,2.0
162,38,3.0
162,39,3.5
162,43,3.0
162,56,2.5
162,60,3.0
162,61,3.0
162,65,3.0
163,12,3.0
163,15,5.0
163,16,3.5
163,21,1.5
163,26,4.0
163,35,2.5
163,41,1.5
163,42,4.0
163,53,5.0
163,56,1.0
163,58,2.5
163,60,3.5
163,63,5.0
163,67,1.0
163,72,2.0
164,5,4.0
164,15,2.5
164,24,3.5
164,33,1.5
164,38,4.5
164,43,2.5
164,48,4.0
164,49,3.0
164,52,4.0
164,53,3.5
164,56,3.0
164,60,3.5
164,62,3.5
164,65,2.0
164,66,2.0
164,67,2.0
164,68,2.0
164,72,2.5
164,78,2.5
164,79,1.5
165,5,1.0
165,6,4.5
165,8,3.5
165,13,2.5
165,15,1.0
165,16,1.0
165,22,5.0
165,29,3.5
165,38,2.5
165,42,4.5
165,50,4.5
165,52,1.0
165,54,5.0
165,58,1.5
165,61,2.5
165,63,3.0
165,66,4.0
165,68,2.5
165,73,2.0
165,75,4.0
165,77,5.0
165,78,1.5
165,79,4.0
166,9,3.5
166,14,2.5
166,19,3.0
166,22,4.0
166,27,1.5
166,28,4.0
166,30,2.5
166,32,4.0
166,34,3.0
166,37,2.0
166,42,3.5
166,46,5.0
166,50,3.5
166,56,4.0
166,60,3.0
166,63,2.0
166,76,3.0
167,0,3.5
167,2,2.5
167,3,4.0
167,6,4.0
167,7,2.5
167,13,2.5
167,19,3.0
167,26,2.0
167,27,3.5
167,28,3.0
167,29,3.0
167,30,1.0
167,33,2.0
167,34,3.0
167,36,3.0
167,39,1.5
167,40,4.5
167,41,2.5
167,52,2.0
167,53,1.5
167,55,3.5
167,58,3.0
167,70,2.5
167,77,3.5
167,78,3.0
168,4,1.5
168,16,5.0
168,20,1.5
168,25,3.0
168,30,3.5
168,31,1.0
168,32,5.0
168,34,3.0
168,41,3.5
168,48,5.0
168,54,3.0
168,57,3.0
168,64,5.0
168,69,1.0
168,74,4.5
169,3,3.0
169,9,3.5
169,13,4.5
169,29,3.0
169,30,3.5
169,37,2.0
169,38,2.0
169,40,3.5
169,47,2.0
169,50,3.5
169,51,3.5
169,57,3.5
169,66,3.0
169,68,2.0
169,71,3.5
170,2,4.5
170,3,2.5
170,6,2.5
170,7,4.5
170,8,4.0
170,12,3.0
170,15,1.5
170,34,3.5
170,37,1.5
170,38,4.0
170,45,3.0
170,53,2.0
170,56,2.5
170,59,1.5
170,61,2.5
170,62,2.0
170,64,3.5
170,66,2.0
170,69,3.5
170,70,3.0
170,72,5.0
171,2,1.0
171,5,4.5
171,12,3.5
171,14,5.0
171,16,4.5
171,18,5.0
171,19,2.0
171,23,1.0
171,24,5.0
171,39,1.0
171,50,4.0
171,52,1.5
171,58,1.0
171,60,2.0
171,63,5.0
171,67,3.0
171,70,2.5
171,76,3.5
172,1,2.0
172,9,5.0
172,14,4.5
172,15,3.5
172,16,3.5
172,24,5.0
172,27,2.5
172,31,1.5
172,33,2.0
172,38,3.0
172,40,3.0
172,45,3.0
172,57,1.5
172,64,2.0
172,65,3.0
172,68,2.5
172,71,3.5
172,72,2.0
172,77,3.0
172,79,3.0
173,4,2.5
173,6,4.5
173,11,3.5
173,20,1.5
173,21,2.5
173,23,5.0
173,24,3.0
173,25,4.5
173,31,2.0
173,32,5.0
173,34,3.5
173,40,3.5
173,42,2.5
173,49,2.0
173,51,1.5
173,52,3.0
173,62,3.5
173,64,3.5
173,73,2.5
173,76,3.5
173,78,1.5
174,1,3.5
174,11,3.0
174,18,5.0
174,28,3.0
174,29,3.0
174,39,3.5
174,48,3.0
174,54,4.0
174,56,4.5
174,57,3.0
174,68,3.0
174,70,3.5
174,75,2.5
175,1,3.0
175,6,3.5
175,12,5.0
175,13,2.0
175,16,1.5
175,17,1.0
175,21,4.5
175,37,2.0
175,41,1.0
175,42,1.0
175,44,1.0
175,45,1.0
175,46,4.0
175,47,1.0
175,50,5.0
175,56,5.0
175,57,3.0
175,60,3.0
175,61,1.0
175,63,3.5
175,68,3.5
175,70,4.0
175,73,5.0
175,74,4.5
175,78,1.5
176,1,2.5
176,5,2.0
176,6,3.0
176,17,4.0
176,18,3.5
176,24,3.5
176,26,4.5
176,28,2.5
176,29,4.5
176,31,3.5
176,32,3.0
176,38,1.5
176,48,2.5
176,53,2.0
176,57,3.0
176,61,3.0
176,63,2.0
176,75,2.0
176,76,1.5
176,78,2.5
177,2,5.0
177,8,2.5
177,14,2.0
177,20,3.0
177,28,2.5
177,42,1.5
177,47,3.0
177,54,5.0
177,58,3.5
177,61,2.5
177,63,4.0
177,65,2.0
177,72,5.0
177,79,3.0
178,1,2.0
178,5,4.0
178,8,2.5
178,13,4.5
178,14,3.0
178,16,5.0
178,17,4.0
178,20,3.0
178,22,2.0
178,27,1.0
178,29,2.0
178,31,3.5
178,32,1.5
178,33,4.5
178,48,4.0
178,50,2.0
178,51,1.0
178,52,3.0
178,63,1.5
178,66,3.0
178,69,3.5
178,71,1.0
178,74,2.0
178,75,4.5
178,77,3.5
178,78,4.5
179,0,3.5
179,4,3.0
179,5,1.5
179,6,4.5
179,9,3.0
179,11,5.0
179,18,5.0
179,25,3.0
179,27,5.0
179,29,5.0
179,36,2.0
179,41,1.0
179,56,4.5
179,60,1.0
179,61,1.0
179,69,2.5
179,75,2.0
180,2,2.5
180,4,2.5
180,5,3.0
180,7,4.5
180,8,3.5
180,12,1.5
180,19,2.5
180,23,3.5
180,27,1.5
180,35,3.0
180,42,4.0
180,47,3.5
180,53,2.5
180,59,3.0
180,60,2.0
180,62,1.5
180,64,2.0
180,65,2.5
180,72,3.0
180,76,3.5
181,10,2.0
181,19,1.5
181,21,4.5
181,23,1.0
181,26,4.0
181,27,4.5
181,28,1.0
181,34,3.0
181,37,1.5
181,41,1.0
181,42,3.0
181,43,1.0
181,45,2.5
181,55,1.5
181,65,5.0
181,67,2.5
181,72,3.0
181,76,4.0
182,4,3.0
182,15,2.0
182,25,5.0
182,26,3.0
182,27,2.0
182,28,3.5
182,30,1.5
182,34,3.5
182,35,5.0
182,39,1.0
182,45,1.0
182,48,2.5
182,50,3.0
182,69,1.0
182,77,2.5
183,4,4.0
183,10,3.5
183,20,2.0
183,22,4.5
183,23,3.0
183,25,4.0
183,26,2.0
183,34,3.5
183,39,2.0
183,40,2.0
183,42,4.0
183,53,1.0
183,61,2.5
183,64,1.0
183,65,1.5
183,66,3.0
183,67,3.5
183,70,5.0
183,76,2.5
183,77,4.0
184,3,5.0
184,7,1.0
184,10,1.0
184,20,3.5
184,23,2.5
184,27,4.0
184,28,3.0
184,41,2.5
184,43,1.0
184,45,4.0
184,51,3.5
184,60,3.0
184,75,3.0
184,77,3.5
185,5,3.5
185,6,2.5
185,10,4.5
185,11,1.5
185,12,3.5
185,13,2.5
185,15,4.0
185,16,3.0
185,17,4.0
185,21,3.5
185,24,1.5
185,27,2.0
185,44,4.0
185,45,3.0
185,50,1.0
185,60,3.0
185,63,1.0
185,66,2.5
185,74,1.5
185,76,3.5
186,2,2.0
186,6,2.5
186,8,3.0
186,10,3.5
186,13,4.5
186,21,3.0
186,27,2.0
186,30,4.0
186,34,2.0
186,42,4.0
186,47,3.5
186,48,3.0
186,53,4.0
186,56,3.0
186,57,3.5
186,58,3.5
187,0,3.5
187,5,4.5
187,6,5.0
187,10,3.0
187,27,2.5
187,36,2.5
187,46,2.5
187,49,4.0
187,57,1.5
187,58,3.0
187,63,4.0
187,66,3.0
187,68,3.5
187,76,5.0
187,77,3.0
187,78,4.0
187,79,2.0
188,0,3.0
188,1,1.0
188,6,1.0
188,8,4.5
188,16,3.0
188,18,4.5
188,24,1.0
188,25,3.0
188,27,4.0
188,28,1.0
188,30,5.0
188,33,3.5
188,37,2.0
188,51,2.5
188,54,2.0
188,58,3.0
188,62,3.5
188,70,2.5
188,72,4.5
188,77,1.0
189,2,2.5
189,4,3.0
189,7,3.0
189,8,2.0
189,13,3.5
189,20,3.5
189,29,3.5
189,36,4.0
189,41,4.5
189,45,4.5
189,46,2.0
189,51,3.5
189,56,1.5
189,57,3.5
189,65,2.5
189,75,4.5
190,0,1.5
190,8,3.5
190,9,2.0
190,15,5.0
190,17,3.5
190,18,2.0
190,20,4.0
190,32,4.0
190,37,2.0
190,38,3.5
190,51,1.0
190,58,5.0
190,59,3.5
190,60,3.5
190,62,5.0
190,67,5.0
190,70,2.5
191,6,4.5
191,12,2.5
191,18,3.0
191,23,3.5
191,29,4.5
191,32,3.0
191,40,2.5
191,42,3.5
191,44,1.0
191,45,2.0
191,47,2.5
191,55,2.5
191,56,3.5
191,60,1.5
191,65,2.0
191,74,3.0
191,76,4.0
191,79,4.0
192,5,2.0
192,11,4.0
192,16,1.0
192,17,4.0
192,24,2.0
192,26,3.5
192,27,3.5
192,31,4.0
192,35,1.0
192,44,1.0
192,52,4.0
192,53,2.5
192,54,3.5
192,55,3.5
192,61,3.0
192,63,2.0
192,66,4.5
192,67,4.0
192,72,3.5
193,1,4.5
193,3,2.5
193,11,1.0
193,14,2.5
193,16,5.0
193,18,5.0
193,22,1.0
193,27,3.5
193,30,4.0
193,34,1.5
193,37,1.0
193,38,3.0
193,41,1.0
193,44,4.5
193,49,5.0
193,53,5.0
193,54,2.0
193,56,3.0
193,63,5.0
193,70,1.5
193,72,1.5
193,74,5.0
194,0,4.5
194,3,4.0
194,12,2.5
194,16,2.0
194,18,3.5
194,20,2.5
194,25,1.0
194,27,4.0
194,29,2.5
194,36,3.0
194,44,1.0
194,47,3.0
194,53,1.0
194,62,1.0
194,66,4.0
194,67,3.0
194,69,4.5
194,76,4.0
194,78,2.0
194,79,5.0
195,6,2.5
195,13,3.5
195,19,1.0
195,22,1.5
195,24,1.5
195,31,2.5
195,36,1.5
195,45,4.0
195,49,5.0
195,53,5.0
195,69,4.0
195,70,1.0
195,73,2.5
195,76,5.0
196,0,2.5
196,4,3.5
196,7,1.5
196,13,5.0
196,16,1.5
196,19,4.5
196,22,3.0
196,23,1.5
196,30,4.0
196,33,3.5
196,39,3.5
196,40,3.5
196,44,2.0
196,45,2.5
196,47,2.0
196,51,4.5
196,55,1.0
196,63,3.0
196,77,3.5
197,11,3.5
197,12,4.0
197,13,5.0
197,23,2.0
197,24,4.0
197,26,3.5
197,34,3.0
197,41,3.5
197,43,3.0
197,49,3.5
197,56,1.5
197,58,3.0
197,65,4.5
197,66,4.0
197,72,3.0
197,75,4.5
198,0,3.0
198,4,5.0
198,6,3.5
198,7,4.0
198,19,3.5
198,24,2.5
198,25,3.0
198,32,4.0
198,37,2.5
198,41,3.5
198,48,3.0
198,49,2.5
198,50,5.0
198,54,4.5
198,56,4.5
198,64,1.5
198,71,3.0
198,73,3.0
198,75,2.5
198,76,3.0
198,79,5.0
199,2,4.5
199,3,3.0
199,8,1.0
199,18,1.0
199,21,1.0
199,24,5.0
199,32,3.5
199,45,5.0
199,51,1.0
199,53,3.0
199,55,5.0
199,56,1.0
199,60,3.5
199,62,4.0
199,77,4.5
